<?xml version="1.0" encoding="UTF-8"?><scenario>
    <world>
        <region name="USA">
            <supplysector name="H2 central production">
                <subsector name="biomass">
                    <stub-technology name="biomass to H2">
                        <period year="1975">
                            <minicam-non-energy-input name="subsidy">
                                <input-cost>0</input-cost>
                            </minicam-non-energy-input>
                        </period>
                        <period year="1990">
                            <minicam-non-energy-input name="subsidy">
                                <input-cost>0</input-cost>
                            </minicam-non-energy-input>
                        </period>
                        <period year="2005">
                            <minicam-non-energy-input name="subsidy">
                                <input-cost>0</input-cost>
                            </minicam-non-energy-input>
                        </period>
                        <period year="2010">
                            <minicam-non-energy-input name="subsidy">
                                <input-cost>0</input-cost>
                            </minicam-non-energy-input>
                        </period>
                        <period year="2015">
                            <minicam-non-energy-input name="subsidy">
                                <input-cost>0</input-cost>
                            </minicam-non-energy-input>
                        </period>
                        <period year="2020">
                            <minicam-non-energy-input name="subsidy">
                                <input-cost>0</input-cost>
                            </minicam-non-energy-input>
                        </period>
                        <period year="2025">
                            <minicam-non-energy-input name="subsidy">
                                <input-cost>-1.3673</input-cost>
                            </minicam-non-energy-input>
                        </period>
                        <period year="2030">
                            <minicam-non-energy-input name="subsidy">
                                <input-cost>-1.3673</input-cost>
                            </minicam-non-energy-input>
                        </period>
                        <period year="2035">
                            <minicam-non-energy-input name="subsidy">
                                <input-cost>-1.3673</input-cost>
                            </minicam-non-energy-input>
                        </period>
                        <period year="2040">
                            <minicam-non-energy-input name="subsidy">
                                <input-cost>0</input-cost>
                            </minicam-non-energy-input>
                        </period>
                        <period year="2045">
                            <minicam-non-energy-input name="subsidy">
                                <input-cost>0</input-cost>
                            </minicam-non-energy-input>
                        </period>
                        <period year="2050">
                            <minicam-non-energy-input name="subsidy">
                                <input-cost>0</input-cost>
                            </minicam-non-energy-input>
                        </period>
                        <period year="2055">
                            <minicam-non-energy-input name="subsidy">
                                <input-cost>0</input-cost>
                            </minicam-non-energy-input>
                        </period>
                        <period year="2060">
                            <minicam-non-energy-input name="subsidy">
                                <input-cost>0</input-cost>
                            </minicam-non-energy-input>
                        </period>
                        <period year="2065">
                            <minicam-non-energy-input name="subsidy">
                                <input-cost>0</input-cost>
                            </minicam-non-energy-input>
                        </period>
                        <period year="2070">
                            <minicam-non-energy-input name="subsidy">
                                <input-cost>0</input-cost>
                            </minicam-non-energy-input>
                        </period>
                        <period year="2075">
                            <minicam-non-energy-input name="subsidy">
                                <input-cost>0</input-cost>
                            </minicam-non-energy-input>
                        </period>
                        <period year="2080">
                            <minicam-non-energy-input name="subsidy">
                                <input-cost>0</input-cost>
                            </minicam-non-energy-input>
                        </period>
                        <period year="2085">
                            <minicam-non-energy-input name="subsidy">
                                <input-cost>0</input-cost>
                            </minicam-non-energy-input>
                        </period>
                        <period year="2090">
                            <minicam-non-energy-input name="subsidy">
                                <input-cost>0</input-cost>
                            </minicam-non-energy-input>
                        </period>
                        <period year="2095">
                            <minicam-non-energy-input name="subsidy">
                                <input-cost>0</input-cost>
                            </minicam-non-energy-input>
                        </period>
                        <period year="2100">
                            <minicam-non-energy-input name="subsidy">
                                <input-cost>0</input-cost>
                            </minicam-non-energy-input>
                        </period>
                    </stub-technology>
                </subsector>
                <subsector name="coal">
                    <stub-technology name="coal chemical">
                        <period year="1975">
                            <minicam-non-energy-input name="subsidy">
                                <input-cost>0</input-cost>
                            </minicam-non-energy-input>
                        </period>
                        <period year="1990">
                            <minicam-non-energy-input name="subsidy">
                                <input-cost>0</input-cost>
                            </minicam-non-energy-input>
                        </period>
                        <period year="2005">
                            <minicam-non-energy-input name="subsidy">
                                <input-cost>0</input-cost>
                            </minicam-non-energy-input>
                        </period>
                        <period year="2010">
                            <minicam-non-energy-input name="subsidy">
                                <input-cost>0</input-cost>
                            </minicam-non-energy-input>
                        </period>
                        <period year="2015">
                            <minicam-non-energy-input name="subsidy">
                                <input-cost>0</input-cost>
                            </minicam-non-energy-input>
                        </period>
                        <period year="2020">
                            <minicam-non-energy-input name="subsidy">
                                <input-cost>0</input-cost>
                            </minicam-non-energy-input>
                        </period>
                        <period year="2025">
                            <minicam-non-energy-input name="subsidy">
                                <input-cost>0</input-cost>
                            </minicam-non-energy-input>
                        </period>
                        <period year="2030">
                            <minicam-non-energy-input name="subsidy">
                                <input-cost>0</input-cost>
                            </minicam-non-energy-input>
                        </period>
                        <period year="2035">
                            <minicam-non-energy-input name="subsidy">
                                <input-cost>0</input-cost>
                            </minicam-non-energy-input>
                        </period>
                        <period year="2040">
                            <minicam-non-energy-input name="subsidy">
                                <input-cost>0</input-cost>
                            </minicam-non-energy-input>
                        </period>
                        <period year="2045">
                            <minicam-non-energy-input name="subsidy">
                                <input-cost>0</input-cost>
                            </minicam-non-energy-input>
                        </period>
                        <period year="2050">
                            <minicam-non-energy-input name="subsidy">
                                <input-cost>0</input-cost>
                            </minicam-non-energy-input>
                        </period>
                        <period year="2055">
                            <minicam-non-energy-input name="subsidy">
                                <input-cost>0</input-cost>
                            </minicam-non-energy-input>
                        </period>
                        <period year="2060">
                            <minicam-non-energy-input name="subsidy">
                                <input-cost>0</input-cost>
                            </minicam-non-energy-input>
                        </period>
                        <period year="2065">
                            <minicam-non-energy-input name="subsidy">
                                <input-cost>0</input-cost>
                            </minicam-non-energy-input>
                        </period>
                        <period year="2070">
                            <minicam-non-energy-input name="subsidy">
                                <input-cost>0</input-cost>
                            </minicam-non-energy-input>
                        </period>
                        <period year="2075">
                            <minicam-non-energy-input name="subsidy">
                                <input-cost>0</input-cost>
                            </minicam-non-energy-input>
                        </period>
                        <period year="2080">
                            <minicam-non-energy-input name="subsidy">
                                <input-cost>0</input-cost>
                            </minicam-non-energy-input>
                        </period>
                        <period year="2085">
                            <minicam-non-energy-input name="subsidy">
                                <input-cost>0</input-cost>
                            </minicam-non-energy-input>
                        </period>
                        <period year="2090">
                            <minicam-non-energy-input name="subsidy">
                                <input-cost>0</input-cost>
                            </minicam-non-energy-input>
                        </period>
                        <period year="2095">
                            <minicam-non-energy-input name="subsidy">
                                <input-cost>0</input-cost>
                            </minicam-non-energy-input>
                        </period>
                        <period year="2100">
                            <minicam-non-energy-input name="subsidy">
                                <input-cost>0</input-cost>
                            </minicam-non-energy-input>
                        </period>
                    </stub-technology>
                </subsector>
                <subsector name="gas">
                    <stub-technology name="natural gas steam reforming">
                        <period year="1975">
                            <minicam-non-energy-input name="subsidy">
                                <input-cost>0</input-cost>
                            </minicam-non-energy-input>
                        </period>
                        <period year="1990">
                            <minicam-non-energy-input name="subsidy">
                                <input-cost>0</input-cost>
                            </minicam-non-energy-input>
                        </period>
                        <period year="2005">
                            <minicam-non-energy-input name="subsidy">
                                <input-cost>0</input-cost>
                            </minicam-non-energy-input>
                        </period>
                        <period year="2010">
                            <minicam-non-energy-input name="subsidy">
                                <input-cost>0</input-cost>
                            </minicam-non-energy-input>
                        </period>
                        <period year="2015">
                            <minicam-non-energy-input name="subsidy">
                                <input-cost>0</input-cost>
                            </minicam-non-energy-input>
                        </period>
                        <period year="2020">
                            <minicam-non-energy-input name="subsidy">
                                <input-cost>0</input-cost>
                            </minicam-non-energy-input>
                        </period>
                        <period year="2025">
                            <minicam-non-energy-input name="subsidy">
                                <input-cost>0</input-cost>
                            </minicam-non-energy-input>
                        </period>
                        <period year="2030">
                            <minicam-non-energy-input name="subsidy">
                                <input-cost>0</input-cost>
                            </minicam-non-energy-input>
                        </period>
                        <period year="2035">
                            <minicam-non-energy-input name="subsidy">
                                <input-cost>0</input-cost>
                            </minicam-non-energy-input>
                        </period>
                        <period year="2040">
                            <minicam-non-energy-input name="subsidy">
                                <input-cost>0</input-cost>
                            </minicam-non-energy-input>
                        </period>
                        <period year="2045">
                            <minicam-non-energy-input name="subsidy">
                                <input-cost>0</input-cost>
                            </minicam-non-energy-input>
                        </period>
                        <period year="2050">
                            <minicam-non-energy-input name="subsidy">
                                <input-cost>0</input-cost>
                            </minicam-non-energy-input>
                        </period>
                        <period year="2055">
                            <minicam-non-energy-input name="subsidy">
                                <input-cost>0</input-cost>
                            </minicam-non-energy-input>
                        </period>
                        <period year="2060">
                            <minicam-non-energy-input name="subsidy">
                                <input-cost>0</input-cost>
                            </minicam-non-energy-input>
                        </period>
                        <period year="2065">
                            <minicam-non-energy-input name="subsidy">
                                <input-cost>0</input-cost>
                            </minicam-non-energy-input>
                        </period>
                        <period year="2070">
                            <minicam-non-energy-input name="subsidy">
                                <input-cost>0</input-cost>
                            </minicam-non-energy-input>
                        </period>
                        <period year="2075">
                            <minicam-non-energy-input name="subsidy">
                                <input-cost>0</input-cost>
                            </minicam-non-energy-input>
                        </period>
                        <period year="2080">
                            <minicam-non-energy-input name="subsidy">
                                <input-cost>0</input-cost>
                            </minicam-non-energy-input>
                        </period>
                        <period year="2085">
                            <minicam-non-energy-input name="subsidy">
                                <input-cost>0</input-cost>
                            </minicam-non-energy-input>
                        </period>
                        <period year="2090">
                            <minicam-non-energy-input name="subsidy">
                                <input-cost>0</input-cost>
                            </minicam-non-energy-input>
                        </period>
                        <period year="2095">
                            <minicam-non-energy-input name="subsidy">
                                <input-cost>0</input-cost>
                            </minicam-non-energy-input>
                        </period>
                        <period year="2100">
                            <minicam-non-energy-input name="subsidy">
                                <input-cost>0</input-cost>
                            </minicam-non-energy-input>
                        </period>
                    </stub-technology>
                </subsector>
                <subsector name="nuclear">
                    <stub-technology name="thermal splitting">
                        <period year="1975">
                            <minicam-non-energy-input name="subsidy">
                                <input-cost>0</input-cost>
                            </minicam-non-energy-input>
                        </period>
                        <period year="1990">
                            <minicam-non-energy-input name="subsidy">
                                <input-cost>0</input-cost>
                            </minicam-non-energy-input>
                        </period>
                        <period year="2005">
                            <minicam-non-energy-input name="subsidy">
                                <input-cost>0</input-cost>
                            </minicam-non-energy-input>
                        </period>
                        <period year="2010">
                            <minicam-non-energy-input name="subsidy">
                                <input-cost>0</input-cost>
                            </minicam-non-energy-input>
                        </period>
                        <period year="2015">
                            <minicam-non-energy-input name="subsidy">
                                <input-cost>0</input-cost>
                            </minicam-non-energy-input>
                        </period>
                        <period year="2020">
                            <minicam-non-energy-input name="subsidy">
                                <input-cost>0</input-cost>
                            </minicam-non-energy-input>
                        </period>
                        <period year="2025">
                            <minicam-non-energy-input name="subsidy">
                                <input-cost>-1.3673</input-cost>
                            </minicam-non-energy-input>
                        </period>
                        <period year="2030">
                            <minicam-non-energy-input name="subsidy">
                                <input-cost>-1.3673</input-cost>
                            </minicam-non-energy-input>
                        </period>
                        <period year="2035">
                            <minicam-non-energy-input name="subsidy">
                                <input-cost>-1.3673</input-cost>
                            </minicam-non-energy-input>
                        </period>
                        <period year="2040">
                            <minicam-non-energy-input name="subsidy">
                                <input-cost>0</input-cost>
                            </minicam-non-energy-input>
                        </period>
                        <period year="2045">
                            <minicam-non-energy-input name="subsidy">
                                <input-cost>0</input-cost>
                            </minicam-non-energy-input>
                        </period>
                        <period year="2050">
                            <minicam-non-energy-input name="subsidy">
                                <input-cost>0</input-cost>
                            </minicam-non-energy-input>
                        </period>
                        <period year="2055">
                            <minicam-non-energy-input name="subsidy">
                                <input-cost>0</input-cost>
                            </minicam-non-energy-input>
                        </period>
                        <period year="2060">
                            <minicam-non-energy-input name="subsidy">
                                <input-cost>0</input-cost>
                            </minicam-non-energy-input>
                        </period>
                        <period year="2065">
                            <minicam-non-energy-input name="subsidy">
                                <input-cost>0</input-cost>
                            </minicam-non-energy-input>
                        </period>
                        <period year="2070">
                            <minicam-non-energy-input name="subsidy">
                                <input-cost>0</input-cost>
                            </minicam-non-energy-input>
                        </period>
                        <period year="2075">
                            <minicam-non-energy-input name="subsidy">
                                <input-cost>0</input-cost>
                            </minicam-non-energy-input>
                        </period>
                        <period year="2080">
                            <minicam-non-energy-input name="subsidy">
                                <input-cost>0</input-cost>
                            </minicam-non-energy-input>
                        </period>
                        <period year="2085">
                            <minicam-non-energy-input name="subsidy">
                                <input-cost>0</input-cost>
                            </minicam-non-energy-input>
                        </period>
                        <period year="2090">
                            <minicam-non-energy-input name="subsidy">
                                <input-cost>0</input-cost>
                            </minicam-non-energy-input>
                        </period>
                        <period year="2095">
                            <minicam-non-energy-input name="subsidy">
                                <input-cost>0</input-cost>
                            </minicam-non-energy-input>
                        </period>
                        <period year="2100">
                            <minicam-non-energy-input name="subsidy">
                                <input-cost>0</input-cost>
                            </minicam-non-energy-input>
                        </period>
                    </stub-technology>
                </subsector>
            </supplysector>
            <supplysector name="H2 forecourt production">
                <subsector name="gas">
                    <stub-technology name="natural gas steam reforming">
                        <period year="1975">
                            <minicam-non-energy-input name="subsidy">
                                <input-cost>0</input-cost>
                            </minicam-non-energy-input>
                        </period>
                        <period year="1990">
                            <minicam-non-energy-input name="subsidy">
                                <input-cost>0</input-cost>
                            </minicam-non-energy-input>
                        </period>
                        <period year="2005">
                            <minicam-non-energy-input name="subsidy">
                                <input-cost>0</input-cost>
                            </minicam-non-energy-input>
                        </period>
                        <period year="2010">
                            <minicam-non-energy-input name="subsidy">
                                <input-cost>0</input-cost>
                            </minicam-non-energy-input>
                        </period>
                        <period year="2015">
                            <minicam-non-energy-input name="subsidy">
                                <input-cost>0</input-cost>
                            </minicam-non-energy-input>
                        </period>
                        <period year="2020">
                            <minicam-non-energy-input name="subsidy">
                                <input-cost>0</input-cost>
                            </minicam-non-energy-input>
                        </period>
                        <period year="2025">
                            <minicam-non-energy-input name="subsidy">
                                <input-cost>0</input-cost>
                            </minicam-non-energy-input>
                        </period>
                        <period year="2030">
                            <minicam-non-energy-input name="subsidy">
                                <input-cost>0</input-cost>
                            </minicam-non-energy-input>
                        </period>
                        <period year="2035">
                            <minicam-non-energy-input name="subsidy">
                                <input-cost>0</input-cost>
                            </minicam-non-energy-input>
                        </period>
                        <period year="2040">
                            <minicam-non-energy-input name="subsidy">
                                <input-cost>0</input-cost>
                            </minicam-non-energy-input>
                        </period>
                        <period year="2045">
                            <minicam-non-energy-input name="subsidy">
                                <input-cost>0</input-cost>
                            </minicam-non-energy-input>
                        </period>
                        <period year="2050">
                            <minicam-non-energy-input name="subsidy">
                                <input-cost>0</input-cost>
                            </minicam-non-energy-input>
                        </period>
                        <period year="2055">
                            <minicam-non-energy-input name="subsidy">
                                <input-cost>0</input-cost>
                            </minicam-non-energy-input>
                        </period>
                        <period year="2060">
                            <minicam-non-energy-input name="subsidy">
                                <input-cost>0</input-cost>
                            </minicam-non-energy-input>
                        </period>
                        <period year="2065">
                            <minicam-non-energy-input name="subsidy">
                                <input-cost>0</input-cost>
                            </minicam-non-energy-input>
                        </period>
                        <period year="2070">
                            <minicam-non-energy-input name="subsidy">
                                <input-cost>0</input-cost>
                            </minicam-non-energy-input>
                        </period>
                        <period year="2075">
                            <minicam-non-energy-input name="subsidy">
                                <input-cost>0</input-cost>
                            </minicam-non-energy-input>
                        </period>
                        <period year="2080">
                            <minicam-non-energy-input name="subsidy">
                                <input-cost>0</input-cost>
                            </minicam-non-energy-input>
                        </period>
                        <period year="2085">
                            <minicam-non-energy-input name="subsidy">
                                <input-cost>0</input-cost>
                            </minicam-non-energy-input>
                        </period>
                        <period year="2090">
                            <minicam-non-energy-input name="subsidy">
                                <input-cost>0</input-cost>
                            </minicam-non-energy-input>
                        </period>
                        <period year="2095">
                            <minicam-non-energy-input name="subsidy">
                                <input-cost>0</input-cost>
                            </minicam-non-energy-input>
                        </period>
                        <period year="2100">
                            <minicam-non-energy-input name="subsidy">
                                <input-cost>0</input-cost>
                            </minicam-non-energy-input>
                        </period>
                    </stub-technology>
                </subsector>
            </supplysector>
        </region>
    </world>
</scenario>
