<?xml version="1.0" encoding="UTF-8"?>
<scenario>
   <world>
      <region name="LA">
         <ghgpolicy name="CO2">
            <market>Cap_All_CO2_LANCVA_Mkt</market>
            <constraint year="2025">91.61940742</constraint>
            <constraint year="2030">70.69571602</constraint>
            <constraint year="2035">51.56587311</constraint>
            <constraint year="2040">32.43603019</constraint>
            <constraint year="2045">13.30618728</constraint>
            <constraint year="2050">0</constraint>
         </ghgpolicy>
      </region>
      <region name="NC">
         <ghgpolicy name="CO2">
            <market>Cap_All_CO2_LANCVA_Mkt</market>
         </ghgpolicy>
      </region>
      <region name="VA">
         <ghgpolicy name="CO2">
            <market>Cap_All_CO2_LANCVA_Mkt</market>
         </ghgpolicy>
      </region>
   </world>
</scenario>
