<?xml version="1.0" encoding="UTF-8"?>
<scenario>
   <world>
      <region name="NJ">
         <ghgpolicy name="CO2">
            <market>Cap_All_CO2_NJ_Mkt</market>
            <constraint year="2025">23.91558065</constraint>
            <constraint year="2030">20.33152894</constraint>
            <constraint year="2035">16.74747723</constraint>
            <constraint year="2040">13.16342551</constraint>
            <constraint year="2045">9.5793738</constraint>
            <constraint year="2050">5.995322087</constraint>
         </ghgpolicy>
      </region>
   </world>
</scenario>
