<?xml version="1.0" encoding="UTF-8"?>
<scenario>
   <world>
      <region name="LA">
         <ghgpolicy name="CO2">
            <market>Cap_All_CO2_LA_Mkt</market>
            <constraint year="2025">43.09788555</constraint>
            <constraint year="2030">33.04322965</constraint>
            <constraint year="2035">24.78242224</constraint>
            <constraint year="2040">16.52161482</constraint>
            <constraint year="2045">8.260807412</constraint>
            <constraint year="2050">0</constraint>
         </ghgpolicy>
      </region>
   </world>
</scenario>
