<?xml version="1.0" encoding="UTF-8"?>
<scenario>
   <world>
      <region name="MA">
         <ghgpolicy name="CO2">
            <market>Cap_All_CO2_MA_Mkt</market>
            <constraint year="2025">14.29033167</constraint>
            <constraint year="2030">11.3100521</constraint>
            <constraint year="2035">9.330792979</constraint>
            <constraint year="2040">7.351533862</constraint>
            <constraint year="2045">5.372274746</constraint>
            <constraint year="2050">3.393015629</constraint>
         </ghgpolicy>
      </region>
   </world>
</scenario>
