<?xml version="1.0" encoding="UTF-8"?>
<scenario>
   <world>
      <region name="CO">
         <ghgpolicy name="CO2">
            <market>Cap_All_CO2_CO_Mkt</market>
            <constraint year="2025">19.03624203</constraint>
            <constraint year="2030">13.05593498</constraint>
            <constraint year="2035">10.44474798</constraint>
            <constraint year="2040">7.833560987</constraint>
            <constraint year="2045">5.222373991</constraint>
            <constraint year="2050">2.611186996</constraint>
         </ghgpolicy>
      </region>
   </world>
</scenario>
