<?xml version="1.0" encoding="UTF-8"?>
<scenario>
   <world>
      <region name="NY">
         <ghgpolicy name="CO2">
            <market>Cap_All_CO2_NY_Mkt</market>
            <constraint year="2025">40.0035708</constraint>
            <constraint year="2030">33.9240637</constraint>
            <constraint year="2035">27.56330176</constraint>
            <constraint year="2040">21.20253981</constraint>
            <constraint year="2045">14.84177787</constraint>
            <constraint year="2050">8.481015926</constraint>
         </ghgpolicy>
      </region>
   </world>
</scenario>
