########## Scenario Component Metadata ##########
#Scenario component type: Pollutant Tax/Cap
#Measure: Emission Cap (Mt)
#Pollutant: CO2 (MT C)
#Sector: All
#Policy name: Cap_All_CO2_ME
#Market name: Cap_All_CO2_ME_Mkt
#Regions: ME
#Table data:2025 , 3.384476428
#Table data:2030 , 2.83447876
#Table data:2035 , 2.383538957
#Table data:2040 , 1.932599155
#Table data:2045 , 1.481659352
#Table data:2050 , 1.030719549
#################################################
INPUT_TABLE
Variable ID
GLIMPSEEmissionCap

region,pollutant,market,year,cap
ME,CO2,Cap_All_CO2_ME_Mkt,2025,3.384476428
ME,CO2,Cap_All_CO2_ME_Mkt,2030,2.83447876
ME,CO2,Cap_All_CO2_ME_Mkt,2035,2.383538957
ME,CO2,Cap_All_CO2_ME_Mkt,2040,1.932599155
ME,CO2,Cap_All_CO2_ME_Mkt,2045,1.481659352
ME,CO2,Cap_All_CO2_ME_Mkt,2050,1.030719549
