########## Scenario Component Metadata ##########
#Scenario component type: Pollutant Tax/Cap
#Measure: Emission Cap (Mt)
#Pollutant: CO2 (MT C)
#Sector: All
#Policy name: Cap_All_CO2_MA
#Market name: Cap_All_CO2_MA_Mkt
#Regions: MA
#Table data:2025 , 14.29033167
#Table data:2030 , 11.3100521
#Table data:2035 , 9.330792979
#Table data:2040 , 7.351533862
#Table data:2045 , 5.372274746
#Table data:2050 , 3.393015629
#################################################
INPUT_TABLE
Variable ID
GLIMPSEEmissionCap

region,pollutant,market,year,cap
MA,CO2,Cap_All_CO2_MA_Mkt,2025,14.29033167
MA,CO2,Cap_All_CO2_MA_Mkt,2030,11.3100521
MA,CO2,Cap_All_CO2_MA_Mkt,2035,9.330792979
MA,CO2,Cap_All_CO2_MA_Mkt,2040,7.351533862
MA,CO2,Cap_All_CO2_MA_Mkt,2045,5.372274746
MA,CO2,Cap_All_CO2_MA_Mkt,2050,3.393015629
