########## Scenario Component Metadata ##########
#Scenario component type: Pollutant Tax/Cap
#Measure: Emission Cap (Mt)
#Pollutant: CO2 (MT C)
#Sector: All
#Policy name: Cap_All_CO2_NY
#Market name: Cap_All_CO2_NY_Mkt
#Regions: NY
#Table data:2025 , 40.0035708
#Table data:2030 , 33.9240637
#Table data:2035 , 27.56330176
#Table data:2040 , 21.20253981
#Table data:2045 , 14.84177787
#Table data:2050 , 8.481015926
#################################################
INPUT_TABLE
Variable ID
GLIMPSEEmissionCap

region,pollutant,market,year,cap
NY,CO2,Cap_All_CO2_NY_Mkt,2025,40.0035708
NY,CO2,Cap_All_CO2_NY_Mkt,2030,33.9240637
NY,CO2,Cap_All_CO2_NY_Mkt,2035,27.56330176
NY,CO2,Cap_All_CO2_NY_Mkt,2040,21.20253981
NY,CO2,Cap_All_CO2_NY_Mkt,2045,14.84177787
NY,CO2,Cap_All_CO2_NY_Mkt,2050,8.481015926
