########## Scenario Component Metadata ##########
#Scenario component type: Pollutant Tax/Cap
#Measure: Emission Cap (Mt)
#Pollutant: CO2 (MT C)
#Sector: All
#Policy name: Cap_All_CO2_VA
#Market name: Cap_All_CO2_VA_Mkt
#Regions: VA
#Table data:2025 , 23.29462254
#Table data:2030 , 17.47096691
#Table data:2035 , 11.64731127
#Table data:2040 , 5.823655636
#Table data:2045 , 0
#Table data:2050 , 0
#################################################
INPUT_TABLE
Variable ID
GLIMPSEEmissionCap

region,pollutant,market,year,cap
VA,CO2,Cap_All_CO2_VA_Mkt,2025,23.29462254
VA,CO2,Cap_All_CO2_VA_Mkt,2030,17.47096691
VA,CO2,Cap_All_CO2_VA_Mkt,2035,11.64731127
VA,CO2,Cap_All_CO2_VA_Mkt,2040,5.823655636
VA,CO2,Cap_All_CO2_VA_Mkt,2045,0
VA,CO2,Cap_All_CO2_VA_Mkt,2050,0
