<?xml version="1.0" encoding="UTF-8"?>
<scenario>
   <world>
      <region name="VA">
         <ghgpolicy name="CO2">
            <market>Cap_All_CO2_VA_Mkt</market>
            <constraint year="2025">23.29462254</constraint>
            <constraint year="2030">17.47096691</constraint>
            <constraint year="2035">11.64731127</constraint>
            <constraint year="2040">5.823655636</constraint>
            <constraint year="2045">0</constraint>
            <constraint year="2050">0</constraint>
         </ghgpolicy>
      </region>
   </world>
</scenario>
