<?xml version="1.0" encoding="UTF-8"?>
<scenario>
   <world>
      <region name="MT">
         <ghgpolicy name="CO2">
            <market>Cap_All_CO2_MT_Mkt</market>
            <constraint year="2025">7.337589807</constraint>
            <constraint year="2030">5.870071845</constraint>
            <constraint year="2035">4.402553884</constraint>
            <constraint year="2040">2.935035923</constraint>
            <constraint year="2045">1.467517961</constraint>
            <constraint year="2050">0</constraint>
         </ghgpolicy>
      </region>
   </world>
</scenario>
