########## Scenario Component Metadata ##########
#Scenario component type: Pollutant Tax/Cap
#Measure: Emission Cap (Mt)
#Pollutant: CO2 (MT C)
#Sector: All
#Policy name: Cap_All_CO2_CT
#Market name: Cap_All_CO2_CT_Mkt
#Regions: CT
#Table data:2025 , 7.752645255
#Table data:2030 , 5.514837313
#Table data:2035 , 4.549740783
#Table data:2040 , 3.584644253
#Table data:2045 , 2.619547724
#Table data:2050 , 1.654451194
#################################################
INPUT_TABLE
Variable ID
GLIMPSEEmissionCap

region,pollutant,market,year,cap
CT,CO2,Cap_All_CO2_CT_Mkt,2025,7.752645255
CT,CO2,Cap_All_CO2_CT_Mkt,2030,5.514837313
CT,CO2,Cap_All_CO2_CT_Mkt,2035,4.549740783
CT,CO2,Cap_All_CO2_CT_Mkt,2040,3.584644253
CT,CO2,Cap_All_CO2_CT_Mkt,2045,2.619547724
CT,CO2,Cap_All_CO2_CT_Mkt,2050,1.654451194
