<?xml version="1.0" encoding="UTF-8"?>
<scenario>
   <world>
      <region name="NH">
         <ghgpolicy name="CO2">
            <market>Cap_All_CO2_NH_Mkt</market>
            <constraint year="2025">3.186534125</constraint>
            <constraint year="2030">2.708554006</constraint>
            <constraint year="2035">2.230573888</constraint>
            <constraint year="2040">1.752593769</constraint>
            <constraint year="2045">1.27461365</constraint>
            <constraint year="2050">0.796633531</constraint>
         </ghgpolicy>
      </region>
   </world>
</scenario>
