<?xml version="1.0" encoding="UTF-8"?>
<scenario>
   <world>
      <region name="CA">
         <ghgpolicy name="CO2">
            <market>Cap_All_CO2_CA_Mkt</market>
            <constraint year="2025">78.30926722</constraint>
            <constraint year="2030">58.93734172</constraint>
            <constraint year="2035">44.20300629</constraint>
            <constraint year="2040">29.46867086</constraint>
            <constraint year="2045">14.73433543</constraint>
            <constraint year="2050">0</constraint>
         </ghgpolicy>
      </region>
   </world>
</scenario>
