<?xml version="1.0" encoding="UTF-8"?>
<scenario>
   <world>
      <region name="CT">
         <ghgpolicy name="CO2">
            <market>Cap_All_CO2_CT_Mkt</market>
            <constraint year="2025">7.752645255</constraint>
            <constraint year="2030">5.514837313</constraint>
            <constraint year="2035">4.549740783</constraint>
            <constraint year="2040">3.584644253</constraint>
            <constraint year="2045">2.619547724</constraint>
            <constraint year="2050">1.654451194</constraint>
         </ghgpolicy>
      </region>
   </world>
</scenario>
