########## Scenario Component Metadata ##########
#Scenario component type: Pollutant Tax/Cap
#Measure: Emission Cap (Mt)
#Pollutant: CO2 (MT C)
#Sector: All
#Policy name: Cap_All_CO2_PA
#Market name: Cap_All_CO2_PA_Mkt
#Regions: PA
#Table data:2025 , 56.82498629
#Table data:2030 , 48.53160991
#Table data:2035 , 40.23823354
#Table data:2040 , 31.94485716
#Table data:2045 , 23.65148078
#Table data:2050 , 15.3581044
#################################################
INPUT_TABLE
Variable ID
GLIMPSEEmissionCap

region,pollutant,market,year,cap
PA,CO2,Cap_All_CO2_PA_Mkt,2025,56.82498629
PA,CO2,Cap_All_CO2_PA_Mkt,2030,48.53160991
PA,CO2,Cap_All_CO2_PA_Mkt,2035,40.23823354
PA,CO2,Cap_All_CO2_PA_Mkt,2040,31.94485716
PA,CO2,Cap_All_CO2_PA_Mkt,2045,23.65148078
PA,CO2,Cap_All_CO2_PA_Mkt,2050,15.3581044
