########## Scenario Component Metadata ##########
#Scenario component type: Pollutant Tax/Cap
#Measure: Emission Cap (Mt)
#Pollutant: CO2 (MT C)
#Sector: All
#Policy name: Cap_All_CO2_LA
#Market name: Cap_All_CO2_LA_Mkt
#Regions: LA
#Table data:2025 , 43.09788555
#Table data:2030 , 33.04322965
#Table data:2035 , 24.78242224
#Table data:2040 , 16.52161482
#Table data:2045 , 8.260807412
#Table data:2050 , 0
#################################################
INPUT_TABLE
Variable ID
GLIMPSEEmissionCap

region,pollutant,market,year,cap
LA,CO2,Cap_All_CO2_LA_Mkt,2025,43.09788555
LA,CO2,Cap_All_CO2_LA_Mkt,2030,33.04322965
LA,CO2,Cap_All_CO2_LA_Mkt,2035,24.78242224
LA,CO2,Cap_All_CO2_LA_Mkt,2040,16.52161482
LA,CO2,Cap_All_CO2_LA_Mkt,2045,8.260807412
LA,CO2,Cap_All_CO2_LA_Mkt,2050,0
