########## Scenario Component Metadata ##########
#Scenario component type: Pollutant Tax/Cap
#Measure: Emission Cap (Mt)
#Pollutant: CO2 (MT C)
#Sector: All
#Policy name: Cap_All_CO2_NH
#Market name: Cap_All_CO2_NH_Mkt
#Regions: NH
#Table data:2025 , 3.186534125
#Table data:2030 , 2.708554006
#Table data:2035 , 2.230573888
#Table data:2040 , 1.752593769
#Table data:2045 , 1.27461365
#Table data:2050 , 0.796633531
#################################################
INPUT_TABLE
Variable ID
GLIMPSEEmissionCap

region,pollutant,market,year,cap
NH,CO2,Cap_All_CO2_NH_Mkt,2025,3.186534125
NH,CO2,Cap_All_CO2_NH_Mkt,2030,2.708554006
NH,CO2,Cap_All_CO2_NH_Mkt,2035,2.230573888
NH,CO2,Cap_All_CO2_NH_Mkt,2040,1.752593769
NH,CO2,Cap_All_CO2_NH_Mkt,2045,1.27461365
NH,CO2,Cap_All_CO2_NH_Mkt,2050,0.796633531
