########## Scenario Component Metadata ##########
#Scenario component type: Pollutant Tax/Cap
#Measure: Emission Cap (Mt)
#Pollutant: CO2 (MT C)
#Sector: All
#Policy name: Cap_All_CO2_VT
#Market name: Cap_All_CO2_VT_Mkt
#Regions: VT
#Table data:2025 , 1.268225348
#Table data:2030 , 0.894525983
#Table data:2035 , 0.745438319
#Table data:2040 , 0.596350655
#Table data:2045 , 0.447262991
#Table data:2050 , 0.298175328
#################################################
INPUT_TABLE
Variable ID
GLIMPSEEmissionCap

region,pollutant,market,year,cap
VT,CO2,Cap_All_CO2_VT_Mkt,2025,1.268225348
VT,CO2,Cap_All_CO2_VT_Mkt,2030,0.894525983
VT,CO2,Cap_All_CO2_VT_Mkt,2035,0.745438319
VT,CO2,Cap_All_CO2_VT_Mkt,2040,0.596350655
VT,CO2,Cap_All_CO2_VT_Mkt,2045,0.447262991
VT,CO2,Cap_All_CO2_VT_Mkt,2050,0.298175328
