########## Scenario Component Metadata ##########
#Scenario component type: Pollutant Tax/Cap
#Measure: Emission Cap (Mt)
#Pollutant: CO2 (MT C)
#Sector: All
#Policy name: Cap_All_CO2_NJ
#Market name: Cap_All_CO2_NJ_Mkt
#Regions: NJ
#Table data:2025 , 23.91558065
#Table data:2030 , 20.33152894
#Table data:2035 , 16.74747723
#Table data:2040 , 13.16342551
#Table data:2045 , 9.5793738
#Table data:2050 , 5.995322087
#################################################
INPUT_TABLE
Variable ID
GLIMPSEEmissionCap

region,pollutant,market,year,cap
NJ,CO2,Cap_All_CO2_NJ_Mkt,2025,23.91558065
NJ,CO2,Cap_All_CO2_NJ_Mkt,2030,20.33152894
NJ,CO2,Cap_All_CO2_NJ_Mkt,2035,16.74747723
NJ,CO2,Cap_All_CO2_NJ_Mkt,2040,13.16342551
NJ,CO2,Cap_All_CO2_NJ_Mkt,2045,9.5793738
NJ,CO2,Cap_All_CO2_NJ_Mkt,2050,5.995322087
