<?xml version="1.0" encoding="UTF-8"?>
<scenario>
   <world>
      <region name="MI">
         <ghgpolicy name="CO2">
            <market>Cap_All_CO2_MI_Mkt</market>
            <constraint year="2025">38.36983206</constraint>
            <constraint year="2030">30.69586565</constraint>
            <constraint year="2035">23.02189924</constraint>
            <constraint year="2040">15.34793282</constraint>
            <constraint year="2045">7.673966412</constraint>
            <constraint year="2050">0</constraint>
         </ghgpolicy>
      </region>
   </world>
</scenario>
