########## Scenario Component Metadata ##########
#Scenario component type: Pollutant Tax/Cap
#Measure: Emission Cap (Mt)
#Pollutant: CO2 (MT C)
#Sector: All
#Policy name: Cap_All_CO2_CO
#Market name: Cap_All_CO2_CO_Mkt
#Regions: CO
#Table data:2025 , 19.03624203
#Table data:2030 , 13.05593498
#Table data:2035 , 10.44474798
#Table data:2040 , 7.833560987
#Table data:2045 , 5.222373991
#Table data:2050 , 2.611186996
#################################################
INPUT_TABLE
Variable ID
GLIMPSEEmissionCap

region,pollutant,market,year,cap
CO,CO2,Cap_All_CO2_CO_Mkt,2025,19.03624203
CO,CO2,Cap_All_CO2_CO_Mkt,2030,13.05593498
CO,CO2,Cap_All_CO2_CO_Mkt,2035,10.44474798
CO,CO2,Cap_All_CO2_CO_Mkt,2040,7.833560987
CO,CO2,Cap_All_CO2_CO_Mkt,2045,5.222373991
CO,CO2,Cap_All_CO2_CO_Mkt,2050,2.611186996
