<?xml version="1.0" encoding="UTF-8"?>
<scenario>
   <world>
      <region name="RI">
         <ghgpolicy name="CO2">
            <market>Cap_All_CO2_RI_Mkt</market>
            <constraint year="2025">2.328411958</constraint>
            <constraint year="2030">1.829940227</constraint>
            <constraint year="2035">1.331468497</constraint>
            <constraint year="2040">1.049035785</constraint>
            <constraint year="2045">0.766603074</constraint>
            <constraint year="2050">0.484170362</constraint>
         </ghgpolicy>
      </region>
   </world>
</scenario>
