<?xml version="1.0" encoding="UTF-8"?>
<scenario>
   <world>
      <region name="PA">
         <ghgpolicy name="CO2">
            <market>Cap_All_CO2_PA_Mkt</market>
            <constraint year="2025">56.82498629</constraint>
            <constraint year="2030">48.53160991</constraint>
            <constraint year="2035">40.23823354</constraint>
            <constraint year="2040">31.94485716</constraint>
            <constraint year="2045">23.65148078</constraint>
            <constraint year="2050">15.3581044</constraint>
         </ghgpolicy>
      </region>
   </world>
</scenario>
