########## Scenario Component Metadata ##########
#Scenario component type: Pollutant Tax/Cap
#Measure: Emission Cap (Mt)
#Pollutant: CO2 (MT C)
#Sector: All
#Policy name: Cap_All_CO2_MI
#Market name: Cap_All_CO2_MI_Mkt
#Regions: MI
#Table data:2025 , 38.36983206
#Table data:2030 , 30.69586565
#Table data:2035 , 23.02189924
#Table data:2040 , 15.34793282
#Table data:2045 , 7.673966412
#Table data:2050 , 0
#################################################
INPUT_TABLE
Variable ID
GLIMPSEEmissionCap

region,pollutant,market,year,cap
MI,CO2,Cap_All_CO2_MI_Mkt,2025,38.36983206
MI,CO2,Cap_All_CO2_MI_Mkt,2030,30.69586565
MI,CO2,Cap_All_CO2_MI_Mkt,2035,23.02189924
MI,CO2,Cap_All_CO2_MI_Mkt,2040,15.34793282
MI,CO2,Cap_All_CO2_MI_Mkt,2045,7.673966412
MI,CO2,Cap_All_CO2_MI_Mkt,2050,0
