########## Scenario Component Metadata ##########
#Scenario component type: Pollutant Tax/Cap
#Measure: Emission Cap (Mt)
#Pollutant: CO2 (MT C)
#Sector: All
#Policy name: Cap_All_CO2_RI
#Market name: Cap_All_CO2_RI_Mkt
#Regions: RI
#Table data:2025 , 2.328411958
#Table data:2030 , 1.829940227
#Table data:2035 , 1.331468497
#Table data:2040 , 1.049035785
#Table data:2045 , 0.766603074
#Table data:2050 , 0.484170362
#################################################
INPUT_TABLE
Variable ID
GLIMPSEEmissionCap

region,pollutant,market,year,cap
RI,CO2,Cap_All_CO2_RI_Mkt,2025,2.328411958
RI,CO2,Cap_All_CO2_RI_Mkt,2030,1.829940227
RI,CO2,Cap_All_CO2_RI_Mkt,2035,1.331468497
RI,CO2,Cap_All_CO2_RI_Mkt,2040,1.049035785
RI,CO2,Cap_All_CO2_RI_Mkt,2045,0.766603074
RI,CO2,Cap_All_CO2_RI_Mkt,2050,0.484170362
