########## Scenario Component Metadata ##########
#Scenario component type: Pollutant Tax/Cap
#Measure: Emission Cap (Mt)
#Pollutant: CO2 (MT C)
#Sector: All
#Policy name: Cap_All_CO2_CA
#Market name: Cap_All_CO2_CA_Mkt
#Regions: CA
#Table data:2025 , 78.30926722
#Table data:2030 , 58.93734172
#Table data:2035 , 44.20300629
#Table data:2040 , 29.46867086
#Table data:2045 , 14.73433543
#Table data:2050 , 0
#################################################
INPUT_TABLE
Variable ID
GLIMPSEEmissionCap

region,pollutant,market,year,cap
CA,CO2,Cap_All_CO2_CA_Mkt,2025,78.30926722
CA,CO2,Cap_All_CO2_CA_Mkt,2030,58.93734172
CA,CO2,Cap_All_CO2_CA_Mkt,2035,44.20300629
CA,CO2,Cap_All_CO2_CA_Mkt,2040,29.46867086
CA,CO2,Cap_All_CO2_CA_Mkt,2045,14.73433543
CA,CO2,Cap_All_CO2_CA_Mkt,2050,0
