########## Scenario Component Metadata ##########
#Scenario component type: Pollutant Tax/Cap
#Measure: Emission Cap (Mt)
#Pollutant: CO2 (MT C)
#Sector: All
#Policy name: Cap_All_CO2_WA
#Market name: Cap_All_CO2_WA_Mkt
#Regions: WA
#Table data:2025 , 16.85139779
#Table data:2030 , 10.74748221
#Table data:2035 , 8.304872617
#Table data:2040 , 5.862263024
#Table data:2045 , 3.41965343
#Table data:2050 , 0.977043837
#################################################
INPUT_TABLE
Variable ID
GLIMPSEEmissionCap

region,pollutant,market,year,cap
WA,CO2,Cap_All_CO2_WA_Mkt,2025,16.85139779
WA,CO2,Cap_All_CO2_WA_Mkt,2030,10.74748221
WA,CO2,Cap_All_CO2_WA_Mkt,2035,8.304872617
WA,CO2,Cap_All_CO2_WA_Mkt,2040,5.862263024
WA,CO2,Cap_All_CO2_WA_Mkt,2045,3.41965343
WA,CO2,Cap_All_CO2_WA_Mkt,2050,0.977043837
