<?xml version="1.0" encoding="UTF-8"?>
<scenario>
   <world>
      <region name="ME">
         <ghgpolicy name="CO2">
            <market>Cap_All_CO2_ME_Mkt</market>
            <constraint year="2025">3.384476428</constraint>
            <constraint year="2030">2.83447876</constraint>
            <constraint year="2035">2.383538957</constraint>
            <constraint year="2040">1.932599155</constraint>
            <constraint year="2045">1.481659352</constraint>
            <constraint year="2050">1.030719549</constraint>
         </ghgpolicy>
      </region>
   </world>
</scenario>
