########## Scenario Component Metadata ##########
#Scenario component type: Pollutant Tax/Cap
#Measure: Emission Cap (Mt)
#Pollutant: CO2 (MT C)
#Sector: All
#Policy name: Cap_All_CO2_OR
#Market name: Cap_All_CO2_OR_Mkt
#Regions: OR
#Table data:2025 , 9.148061699
#Table data:2030 , 6.885438288
#Table data:2035 , 4.622814878
#Table data:2040 , 3.782303082
#Table data:2045 , 2.941791286
#Table data:2050 , 2.10127949
#################################################
INPUT_TABLE
Variable ID
GLIMPSEEmissionCap

region,pollutant,market,year,cap
OR,CO2,Cap_All_CO2_OR_Mkt,2025,9.148061699
OR,CO2,Cap_All_CO2_OR_Mkt,2030,6.885438288
OR,CO2,Cap_All_CO2_OR_Mkt,2035,4.622814878
OR,CO2,Cap_All_CO2_OR_Mkt,2040,3.782303082
OR,CO2,Cap_All_CO2_OR_Mkt,2045,2.941791286
OR,CO2,Cap_All_CO2_OR_Mkt,2050,2.10127949
