########## Scenario Component Metadata ##########
#Scenario component type: Pollutant Tax/Cap
#Measure: Emission Cap (Mt)
#Pollutant: CO2 (MT C)
#Sector: All
#Policy name: Cap_All_CO2_MN
#Market name: Cap_All_CO2_MN_Mkt
#Regions: MN
#Table data:2025 , 19.4358721
#Table data:2030 , 16.65931894
#Table data:2035 , 13.88276578
#Table data:2040 , 11.10621263
#Table data:2045 , 8.32965947
#Table data:2050 , 5.553106313
#################################################
INPUT_TABLE
Variable ID
GLIMPSEEmissionCap

region,pollutant,market,year,cap
MN,CO2,Cap_All_CO2_MN_Mkt,2025,19.4358721
MN,CO2,Cap_All_CO2_MN_Mkt,2030,16.65931894
MN,CO2,Cap_All_CO2_MN_Mkt,2035,13.88276578
MN,CO2,Cap_All_CO2_MN_Mkt,2040,11.10621263
MN,CO2,Cap_All_CO2_MN_Mkt,2045,8.32965947
MN,CO2,Cap_All_CO2_MN_Mkt,2050,5.553106313
