<?xml version="1.0" encoding="UTF-8"?>
<scenario>
   <world>
      <region name="OR">
         <ghgpolicy name="CO2">
            <market>Cap_All_CO2_OR_Mkt</market>
            <constraint year="2025">9.148061699</constraint>
            <constraint year="2030">6.885438288</constraint>
            <constraint year="2035">4.622814878</constraint>
            <constraint year="2040">3.782303082</constraint>
            <constraint year="2045">2.941791286</constraint>
            <constraint year="2050">2.10127949</constraint>
         </ghgpolicy>
      </region>
   </world>
</scenario>
