<?xml version="1.0" encoding="UTF-8"?>
<scenario>
   <world>
      <region name="MN">
         <ghgpolicy name="CO2">
            <market>Cap_All_CO2_MN_Mkt</market>
            <constraint year="2025">19.4358721</constraint>
            <constraint year="2030">16.65931894</constraint>
            <constraint year="2035">13.88276578</constraint>
            <constraint year="2040">11.10621263</constraint>
            <constraint year="2045">8.32965947</constraint>
            <constraint year="2050">5.553106313</constraint>
         </ghgpolicy>
      </region>
   </world>
</scenario>
