########## Scenario Component Metadata ##########
#Scenario component type: Pollutant Tax/Cap
#Measure: Emission Cap (Mt)
#Pollutant: CO2 (MT C)
#Sector: All
#Policy name: Cap_All_CO2_MT
#Market name: Cap_All_CO2_MT_Mkt
#Regions: MT
#Table data:2025 , 7.337589807
#Table data:2030 , 5.870071845
#Table data:2035 , 4.402553884
#Table data:2040 , 2.935035923
#Table data:2045 , 1.467517961
#Table data:2050 , 0
#################################################
INPUT_TABLE
Variable ID
GLIMPSEEmissionCap

region,pollutant,market,year,cap
MT,CO2,Cap_All_CO2_MT_Mkt,2025,7.337589807
MT,CO2,Cap_All_CO2_MT_Mkt,2030,5.870071845
MT,CO2,Cap_All_CO2_MT_Mkt,2035,4.402553884
MT,CO2,Cap_All_CO2_MT_Mkt,2040,2.935035923
MT,CO2,Cap_All_CO2_MT_Mkt,2045,1.467517961
MT,CO2,Cap_All_CO2_MT_Mkt,2050,0
