<?xml version="1.0" encoding="UTF-8"?>
<scenario>
   <world>
      <region name="WA">
         <ghgpolicy name="CO2">
            <market>Cap_All_CO2_WA_Mkt</market>
            <constraint year="2025">16.85139779</constraint>
            <constraint year="2030">10.74748221</constraint>
            <constraint year="2035">8.304872617</constraint>
            <constraint year="2040">5.862263024</constraint>
            <constraint year="2045">3.41965343</constraint>
            <constraint year="2050">0.977043837</constraint>
         </ghgpolicy>
      </region>
   </world>
</scenario>
