<?xml version="1.0" encoding="UTF-8"?>
<scenario>
   <world>
      <region name="VT">
         <ghgpolicy name="CO2">
            <market>Cap_All_CO2_VT_Mkt</market>
            <constraint year="2025">1.268225348</constraint>
            <constraint year="2030">0.894525983</constraint>
            <constraint year="2035">0.745438319</constraint>
            <constraint year="2040">0.596350655</constraint>
            <constraint year="2045">0.447262991</constraint>
            <constraint year="2050">0.298175328</constraint>
         </ghgpolicy>
      </region>
   </world>
</scenario>
