<?xml version="1.0" encoding="UTF-8"?>
<scenario>
    <world>
        <region name="USA">
            <supplysector name="base load generation">
                <subsector name="nuclear">
                    <stub-technology name="nuc_base_Gen II">
                        <period year="2020">
                            <lifetime>-1</lifetime>
                            <fixedOutput>2.850336205</fixedOutput>
                        </period>
                        <period year="2025">
                            <lifetime>-1</lifetime>
                            <fixedOutput>2.816243129</fixedOutput>
                        </period>
                        <period year="2030">
                            <lifetime>-1</lifetime>
                            <fixedOutput>2.816243129</fixedOutput>
                        </period>
                        <period year="2035">
                            <lifetime>-1</lifetime>
                            <fixedOutput>2.816243129</fixedOutput>
                        </period>
                        <period year="2040">
                            <lifetime>-1</lifetime>
                            <fixedOutput>2.816243129</fixedOutput>
                        </period>
                        <period year="2045">
                            <lifetime>-1</lifetime>
                            <fixedOutput>2.816243129</fixedOutput>
                        </period>
                        <period year="2050">
                            <lifetime>-1</lifetime>
                            <fixedOutput>2.816243129</fixedOutput>
                        </period>
                    </stub-technology>
                    <stub-technology name="nuc_base_Gen III">
                        <period year="2020">
                            <lifetime>-1</lifetime>
                            <fixedOutput>0</fixedOutput>
                        </period>
                        <period year="2025">
                            <lifetime>-1</lifetime>
                            <fixedOutput>0</fixedOutput>
                        </period>
                        <period year="2030">
                            <lifetime>-1</lifetime>
                            <fixedOutput>0</fixedOutput>
                        </period>
                        <period year="2035">
                            <lifetime>-1</lifetime>
                            <fixedOutput>0</fixedOutput>
                        </period>
                        <period year="2040">
                            <lifetime>-1</lifetime>
                            <fixedOutput>0</fixedOutput>
                        </period>
                        <period year="2045">
                            <lifetime>-1</lifetime>
                            <fixedOutput>0</fixedOutput>
                        </period>
                        <period year="2050">
                            <lifetime>-1</lifetime>
                            <fixedOutput>0</fixedOutput>
                        </period>
                    </stub-technology>
                </subsector>
            </supplysector>
        </region>
    </world>
</scenario>
