<?xml version="1.0" encoding="UTF-8"?>
<scenario>
   <world>
      <region name="Canada">
         <ghgpolicy name="CO2">
            <market>Tax_All_CO2_Reg_Mkt1691171380956</market>
            <fixedTax year="2025">25.0</fixedTax>
            <fixedTax year="2030">31.9</fixedTax>
            <fixedTax year="2035">40.7</fixedTax>
            <fixedTax year="2040">52.0</fixedTax>
            <fixedTax year="2045">66.3</fixedTax>
            <fixedTax year="2050">84.7</fixedTax>
         </ghgpolicy>
      </region>
      <region name="Central America and Caribbean">
         <ghgpolicy name="CO2">
            <market>Tax_All_CO2_Reg_Mkt1691171380956</market>
         </ghgpolicy>
      </region>
      <region name="Mexico">
         <ghgpolicy name="CO2">
            <market>Tax_All_CO2_Reg_Mkt1691171380956</market>
         </ghgpolicy>
      </region>
      <region name="Brazil">
         <ghgpolicy name="CO2">
            <market>Tax_All_CO2_Reg_Mkt1691171380956</market>
         </ghgpolicy>
      </region>
      <region name="South America_Northern">
         <ghgpolicy name="CO2">
            <market>Tax_All_CO2_Reg_Mkt1691171380956</market>
         </ghgpolicy>
      </region>
      <region name="South America_Southern">
         <ghgpolicy name="CO2">
            <market>Tax_All_CO2_Reg_Mkt1691171380956</market>
         </ghgpolicy>
      </region>
      <region name="Argentina">
         <ghgpolicy name="CO2">
            <market>Tax_All_CO2_Reg_Mkt1691171380956</market>
         </ghgpolicy>
      </region>
      <region name="Colombia">
         <ghgpolicy name="CO2">
            <market>Tax_All_CO2_Reg_Mkt1691171380956</market>
         </ghgpolicy>
      </region>
      <region name="EU-15">
         <ghgpolicy name="CO2">
            <market>Tax_All_CO2_Reg_Mkt1691171380956</market>
         </ghgpolicy>
      </region>
      <region name="EU-12">
         <ghgpolicy name="CO2">
            <market>Tax_All_CO2_Reg_Mkt1691171380956</market>
         </ghgpolicy>
      </region>
      <region name="European Free Trade Association">
         <ghgpolicy name="CO2">
            <market>Tax_All_CO2_Reg_Mkt1691171380956</market>
         </ghgpolicy>
      </region>
      <region name="Europe_Eastern">
         <ghgpolicy name="CO2">
            <market>Tax_All_CO2_Reg_Mkt1691171380956</market>
         </ghgpolicy>
      </region>
      <region name="Europe_Non_EU">
         <ghgpolicy name="CO2">
            <market>Tax_All_CO2_Reg_Mkt1691171380956</market>
         </ghgpolicy>
      </region>
      <region name="Africa_Eastern">
         <ghgpolicy name="CO2">
            <market>Tax_All_CO2_Reg_Mkt1691171380956</market>
         </ghgpolicy>
      </region>
      <region name="Africa_Northern">
         <ghgpolicy name="CO2">
            <market>Tax_All_CO2_Reg_Mkt1691171380956</market>
         </ghgpolicy>
      </region>
      <region name="Africa_Southern">
         <ghgpolicy name="CO2">
            <market>Tax_All_CO2_Reg_Mkt1691171380956</market>
         </ghgpolicy>
      </region>
      <region name="Africa_Western">
         <ghgpolicy name="CO2">
            <market>Tax_All_CO2_Reg_Mkt1691171380956</market>
         </ghgpolicy>
      </region>
      <region name="South Africa">
         <ghgpolicy name="CO2">
            <market>Tax_All_CO2_Reg_Mkt1691171380956</market>
         </ghgpolicy>
      </region>
      <region name="Middle East">
         <ghgpolicy name="CO2">
            <market>Tax_All_CO2_Reg_Mkt1691171380956</market>
         </ghgpolicy>
      </region>
      <region name="Central Asia">
         <ghgpolicy name="CO2">
            <market>Tax_All_CO2_Reg_Mkt1691171380956</market>
         </ghgpolicy>
      </region>
      <region name="Russia">
         <ghgpolicy name="CO2">
            <market>Tax_All_CO2_Reg_Mkt1691171380956</market>
         </ghgpolicy>
      </region>
      <region name="Pakistan">
         <ghgpolicy name="CO2">
            <market>Tax_All_CO2_Reg_Mkt1691171380956</market>
         </ghgpolicy>
      </region>
      <region name="India">
         <ghgpolicy name="CO2">
            <market>Tax_All_CO2_Reg_Mkt1691171380956</market>
         </ghgpolicy>
      </region>
      <region name="South Asia">
         <ghgpolicy name="CO2">
            <market>Tax_All_CO2_Reg_Mkt1691171380956</market>
         </ghgpolicy>
      </region>
      <region name="China">
         <ghgpolicy name="CO2">
            <market>Tax_All_CO2_Reg_Mkt1691171380956</market>
         </ghgpolicy>
      </region>
      <region name="Taiwan">
         <ghgpolicy name="CO2">
            <market>Tax_All_CO2_Reg_Mkt1691171380956</market>
         </ghgpolicy>
      </region>
      <region name="South Korea">
         <ghgpolicy name="CO2">
            <market>Tax_All_CO2_Reg_Mkt1691171380956</market>
         </ghgpolicy>
      </region>
      <region name="Japan">
         <ghgpolicy name="CO2">
            <market>Tax_All_CO2_Reg_Mkt1691171380956</market>
         </ghgpolicy>
      </region>
      <region name="Southeast Asia">
         <ghgpolicy name="CO2">
            <market>Tax_All_CO2_Reg_Mkt1691171380956</market>
         </ghgpolicy>
      </region>
      <region name="Indonesia">
         <ghgpolicy name="CO2">
            <market>Tax_All_CO2_Reg_Mkt1691171380956</market>
         </ghgpolicy>
      </region>
      <region name="Australia_NZ">
         <ghgpolicy name="CO2">
            <market>Tax_All_CO2_Reg_Mkt1691171380956</market>
         </ghgpolicy>
      </region>
   </world>
</scenario>
