<?xml version="1.0" encoding="UTF-8"?>
<scenario>
   <world>
      <global-technology-database>
         <location-info sector-name="regional biomass" subsector-name="regional biomass">
            <technology nocreate="1" name="regional biomass">
               <period year="2015">
                  <input-tax name="bio-ceiling"/>
               </period>
               <period year="2020">
                  <input-tax name="bio-ceiling"/>
               </period>
               <period year="2025">
                  <input-tax name="bio-ceiling"/>
               </period>
               <period year="2030">
                  <input-tax name="bio-ceiling"/>
               </period>
               <period year="2035">
                  <input-tax name="bio-ceiling"/>
               </period>
               <period year="2040">
                  <input-tax name="bio-ceiling"/>
               </period>
               <period year="2045">
                  <input-tax name="bio-ceiling"/>
               </period>
               <period year="2050">
                  <input-tax name="bio-ceiling"/>
               </period>
               <period year="2055">
                  <input-tax name="bio-ceiling"/>
               </period>
               <period year="2060">
                  <input-tax name="bio-ceiling"/>
               </period>
               <period year="2065">
                  <input-tax name="bio-ceiling"/>
               </period>
               <period year="2070">
                  <input-tax name="bio-ceiling"/>
               </period>
               <period year="2075">
                  <input-tax name="bio-ceiling"/>
               </period>
               <period year="2080">
                  <input-tax name="bio-ceiling"/>
               </period>
               <period year="2085">
                  <input-tax name="bio-ceiling"/>
               </period>
               <period year="2090">
                  <input-tax name="bio-ceiling"/>
               </period>
               <period year="2095">
                  <input-tax name="bio-ceiling"/>
               </period>
               <period year="2100">
                  <input-tax name="bio-ceiling"/>
               </period>
            </technology>
         </location-info>
         <location-info sector-name="regional corn for ethanol" subsector-name="regional corn for ethanol">
            <technology nocreate="1" name="regional corn for ethanol">
               <period year="2015">
                  <input-tax name="bio-ceiling"/>
               </period>
               <period year="2020">
                  <input-tax name="bio-ceiling"/>
               </period>
               <period year="2025">
                  <input-tax name="bio-ceiling"/>
               </period>
               <period year="2030">
                  <input-tax name="bio-ceiling"/>
               </period>
               <period year="2035">
                  <input-tax name="bio-ceiling"/>
               </period>
               <period year="2040">
                  <input-tax name="bio-ceiling"/>
               </period>
               <period year="2045">
                  <input-tax name="bio-ceiling"/>
               </period>
               <period year="2050">
                  <input-tax name="bio-ceiling"/>
               </period>
               <period year="2055">
                  <input-tax name="bio-ceiling"/>
               </period>
               <period year="2060">
                  <input-tax name="bio-ceiling"/>
               </period>
               <period year="2065">
                  <input-tax name="bio-ceiling"/>
               </period>
               <period year="2070">
                  <input-tax name="bio-ceiling"/>
               </period>
               <period year="2075">
                  <input-tax name="bio-ceiling"/>
               </period>
               <period year="2080">
                  <input-tax name="bio-ceiling"/>
               </period>
               <period year="2085">
                  <input-tax name="bio-ceiling"/>
               </period>
               <period year="2090">
                  <input-tax name="bio-ceiling"/>
               </period>
               <period year="2095">
                  <input-tax name="bio-ceiling"/>
               </period>
               <period year="2100">
                  <input-tax name="bio-ceiling"/>
               </period>
            </technology>
         </location-info>
         <location-info sector-name="regional sugar for ethanol" subsector-name="regional sugar for ethanol">
            <technology nocreate="1" name="regional sugar for ethanol">
               <period year="2015">
                  <input-tax name="bio-ceiling"/>
               </period>
               <period year="2020">
                  <input-tax name="bio-ceiling"/>
               </period>
               <period year="2025">
                  <input-tax name="bio-ceiling"/>
               </period>
               <period year="2030">
                  <input-tax name="bio-ceiling"/>
               </period>
               <period year="2035">
                  <input-tax name="bio-ceiling"/>
               </period>
               <period year="2040">
                  <input-tax name="bio-ceiling"/>
               </period>
               <period year="2045">
                  <input-tax name="bio-ceiling"/>
               </period>
               <period year="2050">
                  <input-tax name="bio-ceiling"/>
               </period>
               <period year="2055">
                  <input-tax name="bio-ceiling"/>
               </period>
               <period year="2060">
                  <input-tax name="bio-ceiling"/>
               </period>
               <period year="2065">
                  <input-tax name="bio-ceiling"/>
               </period>
               <period year="2070">
                  <input-tax name="bio-ceiling"/>
               </period>
               <period year="2075">
                  <input-tax name="bio-ceiling"/>
               </period>
               <period year="2080">
                  <input-tax name="bio-ceiling"/>
               </period>
               <period year="2085">
                  <input-tax name="bio-ceiling"/>
               </period>
               <period year="2090">
                  <input-tax name="bio-ceiling"/>
               </period>
               <period year="2095">
                  <input-tax name="bio-ceiling"/>
               </period>
               <period year="2100">
                  <input-tax name="bio-ceiling"/>
               </period>
            </technology>
         </location-info>
         <location-info sector-name="regional biomassOil" subsector-name="regional biomassOil">
            <technology nocreate="1" name="biomassOil">
               <period year="2015">
                  <input-tax name="bio-ceiling"/>
               </period>
               <period year="2020">
                  <input-tax name="bio-ceiling"/>
               </period>
               <period year="2025">
                  <input-tax name="bio-ceiling"/>
               </period>
               <period year="2030">
                  <input-tax name="bio-ceiling"/>
               </period>
               <period year="2035">
                  <input-tax name="bio-ceiling"/>
               </period>
               <period year="2040">
                  <input-tax name="bio-ceiling"/>
               </period>
               <period year="2045">
                  <input-tax name="bio-ceiling"/>
               </period>
               <period year="2050">
                  <input-tax name="bio-ceiling"/>
               </period>
               <period year="2055">
                  <input-tax name="bio-ceiling"/>
               </period>
               <period year="2060">
                  <input-tax name="bio-ceiling"/>
               </period>
               <period year="2065">
                  <input-tax name="bio-ceiling"/>
               </period>
               <period year="2070">
                  <input-tax name="bio-ceiling"/>
               </period>
               <period year="2075">
                  <input-tax name="bio-ceiling"/>
               </period>
               <period year="2080">
                  <input-tax name="bio-ceiling"/>
               </period>
               <period year="2085">
                  <input-tax name="bio-ceiling"/>
               </period>
               <period year="2090">
                  <input-tax name="bio-ceiling"/>
               </period>
               <period year="2095">
                  <input-tax name="bio-ceiling"/>
               </period>
               <period year="2100">
                  <input-tax name="bio-ceiling"/>
               </period>
            </technology>
            <technology nocreate="1" name="OilCrop">
               <period year="2015">
                  <input-tax name="bio-ceiling"/>
               </period>
               <period year="2020">
                  <input-tax name="bio-ceiling"/>
               </period>
               <period year="2025">
                  <input-tax name="bio-ceiling"/>
               </period>
               <period year="2030">
                  <input-tax name="bio-ceiling"/>
               </period>
               <period year="2035">
                  <input-tax name="bio-ceiling"/>
               </period>
               <period year="2040">
                  <input-tax name="bio-ceiling"/>
               </period>
               <period year="2045">
                  <input-tax name="bio-ceiling"/>
               </period>
               <period year="2050">
                  <input-tax name="bio-ceiling"/>
               </period>
               <period year="2055">
                  <input-tax name="bio-ceiling"/>
               </period>
               <period year="2060">
                  <input-tax name="bio-ceiling"/>
               </period>
               <period year="2065">
                  <input-tax name="bio-ceiling"/>
               </period>
               <period year="2070">
                  <input-tax name="bio-ceiling"/>
               </period>
               <period year="2075">
                  <input-tax name="bio-ceiling"/>
               </period>
               <period year="2080">
                  <input-tax name="bio-ceiling"/>
               </period>
               <period year="2085">
                  <input-tax name="bio-ceiling"/>
               </period>
               <period year="2090">
                  <input-tax name="bio-ceiling"/>
               </period>
               <period year="2095">
                  <input-tax name="bio-ceiling"/>
               </period>
               <period year="2100">
                  <input-tax name="bio-ceiling"/>
               </period>
            </technology>
            <technology nocreate="1" name="PalmFruit">
               <period year="2015">
                  <input-tax name="bio-ceiling"/>
               </period>
               <period year="2020">
                  <input-tax name="bio-ceiling"/>
               </period>
               <period year="2025">
                  <input-tax name="bio-ceiling"/>
               </period>
               <period year="2030">
                  <input-tax name="bio-ceiling"/>
               </period>
               <period year="2035">
                  <input-tax name="bio-ceiling"/>
               </period>
               <period year="2040">
                  <input-tax name="bio-ceiling"/>
               </period>
               <period year="2045">
                  <input-tax name="bio-ceiling"/>
               </period>
               <period year="2050">
                  <input-tax name="bio-ceiling"/>
               </period>
               <period year="2055">
                  <input-tax name="bio-ceiling"/>
               </period>
               <period year="2060">
                  <input-tax name="bio-ceiling"/>
               </period>
               <period year="2065">
                  <input-tax name="bio-ceiling"/>
               </period>
               <period year="2070">
                  <input-tax name="bio-ceiling"/>
               </period>
               <period year="2075">
                  <input-tax name="bio-ceiling"/>
               </period>
               <period year="2080">
                  <input-tax name="bio-ceiling"/>
               </period>
               <period year="2085">
                  <input-tax name="bio-ceiling"/>
               </period>
               <period year="2090">
                  <input-tax name="bio-ceiling"/>
               </period>
               <period year="2095">
                  <input-tax name="bio-ceiling"/>
               </period>
               <period year="2100">
                  <input-tax name="bio-ceiling"/>
               </period>
            </technology>
         </location-info>
      </global-technology-database>
   </world>
</scenario>
